method,label,tier,mean_input_change_pct,mean_input_saving_pct,mean_quality_delta_pp,readers_with_input_advantage,readers_with_higher_quality_mean,protocols,aggregation
rag,BEAM Dense RAG,Overall,12.964858090675513,-12.964858090675513,5.463451227916283,0,3,A_current_Flash_native,equal mean of reader-specific percentages/differences; no pooling of tokens or protocols
rag,BEAM Dense RAG,100K,44.861195029371906,-44.861195029371906,6.695866355492645,0,3,A_current_Flash_native,equal mean of reader-specific percentages/differences; no pooling of tokens or protocols
rag,BEAM Dense RAG,500K,-0.18024638178264882,0.18024638178264882,5.182943804566037,2,3,A_current_Flash_native,equal mean of reader-specific percentages/differences; no pooling of tokens or protocols
rag,BEAM Dense RAG,1M,-4.929613057875822,4.929613057875822,4.508354133272722,2,3,A_current_Flash_native,equal mean of reader-specific percentages/differences; no pooling of tokens or protocols
light,LIGHT 适配版,Overall,-34.76584275246288,34.76584275246288,3.713278022228316,3,3,A_current_Flash_native,equal mean of reader-specific percentages/differences; no pooling of tokens or protocols
light,LIGHT 适配版,100K,-18.065692372059136,18.065692372059136,0.050674725988017144,3,2,A_current_Flash_native,equal mean of reader-specific percentages/differences; no pooling of tokens or protocols
light,LIGHT 适配版,500K,-41.996005339812534,41.996005339812534,6.153780995986108,3,3,A_current_Flash_native,equal mean of reader-specific percentages/differences; no pooling of tokens or protocols
light,LIGHT 适配版,1M,-44.293019017020335,44.293019017020335,4.942687334467668,3,3,A_current_Flash_native,equal mean of reader-specific percentages/differences; no pooling of tokens or protocols
llmlingua2_full_history_b8192_v1,LLMLingua-2 直接版,Overall,7.87279366165409,-7.87279366165409,22.27536333932549,0,3,C_archived_Flash_grouped;D_archived_Flash_reader_native;E_Rednote_direct_native_followup,equal mean of reader-specific percentages/differences; no pooling of tokens or protocols
llmlingua2_full_history_b8192_v1,LLMLingua-2 直接版,100K,-18.539566711317523,18.539566711317523,11.923244230575351,3,3,C_archived_Flash_grouped;D_archived_Flash_reader_native;E_Rednote_direct_native_followup,equal mean of reader-specific percentages/differences; no pooling of tokens or protocols
llmlingua2_full_history_b8192_v1,LLMLingua-2 直接版,500K,-27.08801487113421,27.08801487113421,24.600254640328785,3,3,C_archived_Flash_grouped;D_archived_Flash_reader_native;E_Rednote_direct_native_followup,equal mean of reader-specific percentages/differences; no pooling of tokens or protocols
llmlingua2_full_history_b8192_v1,LLMLingua-2 直接版,1M,3475.8840704167824,-3475.8840704167824,30.189683211068804,0,3,C_archived_Flash_grouped;D_archived_Flash_reader_native;E_Rednote_direct_native_followup,equal mean of reader-specific percentages/differences; no pooling of tokens or protocols
llmlingua2_hier64k_full_history_b8192_v1,LLMLingua-2 分层版,Overall,-34.3460457819349,34.3460457819349,17.479159447648858,3,3,C_archived_Flash_grouped;D_archived_Flash_reader_native,equal mean of reader-specific percentages/differences; no pooling of tokens or protocols
llmlingua2_hier64k_full_history_b8192_v1,LLMLingua-2 分层版,100K,-18.849126967306706,18.849126967306706,11.710607521612047,3,3,C_archived_Flash_grouped;D_archived_Flash_reader_native,equal mean of reader-specific percentages/differences; no pooling of tokens or protocols
llmlingua2_hier64k_full_history_b8192_v1,LLMLingua-2 分层版,500K,-41.73041666537259,41.73041666537259,22.846579437095063,3,3,C_archived_Flash_grouped;D_archived_Flash_reader_native,equal mean of reader-specific percentages/differences; no pooling of tokens or protocols
llmlingua2_hier64k_full_history_b8192_v1,LLMLingua-2 分层版,1M,-43.00058358147519,43.00058358147519,17.922066505833197,3,3,C_archived_Flash_grouped;D_archived_Flash_reader_native,equal mean of reader-specific percentages/differences; no pooling of tokens or protocols
longllmlingua_recovery_b8192,LongLLMLingua + 官方恢复,Overall,-9.317252866728284,9.317252866728284,17.898611358799418,3,3,B_archived_Pro_grouped;D_archived_Flash_reader_native,equal mean of reader-specific percentages/differences; no pooling of tokens or protocols
longllmlingua_recovery_b8192,LongLLMLingua + 官方恢复,100K,13.23891521971862,-13.23891521971862,15.773552982856708,0,3,B_archived_Pro_grouped;D_archived_Flash_reader_native,equal mean of reader-specific percentages/differences; no pooling of tokens or protocols
longllmlingua_recovery_b8192,LongLLMLingua + 官方恢复,500K,-19.809621009248488,19.809621009248488,21.677468830122802,3,3,B_archived_Pro_grouped;D_archived_Flash_reader_native,equal mean of reader-specific percentages/differences; no pooling of tokens or protocols
longllmlingua_recovery_b8192,LongLLMLingua + 官方恢复,1M,-21.75305682536842,21.75305682536842,16.237006492785557,3,3,B_archived_Pro_grouped;D_archived_Flash_reader_native,equal mean of reader-specific percentages/differences; no pooling of tokens or protocols
hybrid_brief_pro_auto_b8192,Hybrid → BRIEF-Pro Auto,Overall,275.45220887863326,-275.45220887863326,17.015786427552413,0,3,B_archived_Pro_grouped;D_archived_Flash_reader_native,equal mean of reader-specific percentages/differences; no pooling of tokens or protocols
hybrid_brief_pro_auto_b8192,Hybrid → BRIEF-Pro Auto,100K,342.05682594602206,-342.05682594602206,16.693881540832603,0,3,B_archived_Pro_grouped;D_archived_Flash_reader_native,equal mean of reader-specific percentages/differences; no pooling of tokens or protocols
hybrid_brief_pro_auto_b8192,Hybrid → BRIEF-Pro Auto,500K,277.63872385443796,-277.63872385443796,18.662599316470804,0,3,B_archived_Pro_grouped;D_archived_Flash_reader_native,equal mean of reader-specific percentages/differences; no pooling of tokens or protocols
hybrid_brief_pro_auto_b8192,Hybrid → BRIEF-Pro Auto,1M,205.42722484729046,-205.42722484729046,15.682053708902052,0,3,B_archived_Pro_grouped;D_archived_Flash_reader_native,equal mean of reader-specific percentages/differences; no pooling of tokens or protocols
