reader_id,cluster_ordinal,tier,observed,missing,tomc_score_sum,rag_score_sum,paired_difference_sum
pro,0,100K,10,0,3.8,4.175,-0.375
pro,1,500K,10,0,7.075,4.25,2.825
pro,2,100K,10,0,5.535714285714286,5.017857142857143,0.5178571428571428
pro,3,1M,10,0,4.85,3.3666666666666667,1.4833333333333334
pro,4,500K,10,0,5.75,4.5,1.25
pro,5,500K,10,0,6.930555555555555,4.645833333333333,2.2847222222222223
pro,6,100K,10,0,6.9,6.383333333333334,0.5166666666666666
pro,7,100K,10,0,7.5,6.083333333333333,1.4166666666666667
pro,8,100K,10,0,6.9,6.8,0.10000000000000003
pro,9,100K,10,0,6.925,5.958333333333333,0.9666666666666667
pro,10,1M,10,0,2.7541666666666664,6.325,-3.5708333333333333
pro,11,100K,10,0,7.041666666666667,5.625,1.4166666666666665
pro,12,1M,10,0,6.107142857142857,5.339285714285714,0.7678571428571429
pro,13,500K,10,0,3.85,3.283333333333333,0.5666666666666667
pro,14,1M,10,0,5.520833333333333,5.848214285714286,-0.32738095238095233
pro,15,1M,10,0,4.434523809523809,4.184523809523809,0.25
pro,16,1M,10,0,3.7666666666666666,4.4,-0.6333333333333333
pro,17,100K,10,0,5.583333333333333,6.541666666666667,-0.9583333333333334
pro,18,100K,10,0,5.675,4.35,1.325
pro,19,1M,9,1,4.490277777777778,3.9930555555555554,0.49722222222222223
pro,20,500K,10,0,6.020833333333333,4.104166666666667,1.9166666666666667
pro,21,500K,10,0,8.571428571428571,5.071428571428571,3.5
pro,22,100K,10,0,5.3,4.35,0.95
pro,23,1M,10,0,6.457142857142857,4.742857142857143,1.7142857142857142
pro,24,100K,10,0,6.095238095238095,5.595238095238095,0.5
pro,25,1M,10,0,5.533333333333333,5.933333333333334,-0.4
pro,26,500K,10,0,4.3,3.2,1.1
pro,27,500K,10,0,3.6666666666666665,3.3125,0.35416666666666663
pro,28,1M,10,0,6.666666666666667,5.933333333333334,0.7333333333333335
pro,29,1M,9,1,4.8125,4.3125,0.5
pro,30,100K,10,0,5.0,1.7142857142857142,3.2857142857142856
pro,31,500K,10,0,5.466666666666667,6.966666666666667,-1.5
pro,32,500K,10,0,5.5375,4.5,1.0375
pro,33,500K,10,0,4.625,5.833333333333333,-1.2083333333333333
pro,34,1M,10,0,4.583333333333333,5.520833333333333,-0.9375
pro,35,1M,10,0,3.8782467532467533,5.32034632034632,-1.442099567099567
pro,36,500K,10,0,8.1875,5.75,2.4375
pro,37,1M,10,0,3.172222222222222,4.45,-1.2777777777777777
pro,38,500K,10,0,4.65,4.0,0.65
pro,39,100K,10,0,6.85,6.166666666666667,0.6833333333333333
pro,40,100K,10,0,7.177777777777778,6.766666666666667,0.4111111111111112
pro,41,100K,10,0,5.5,5.6,-0.10000000000000003
pro,42,500K,10,0,6.5625,3.6625,2.9
pro,43,100K,10,0,5.366666666666667,3.95,1.4166666666666667
pro,44,100K,10,0,6.8,7.65,-0.8500000000000001
pro,45,1M,10,0,4.041666666666667,4.875,-0.8333333333333334
pro,46,1M,10,0,3.5,5.85,-2.35
pro,47,1M,10,0,6.1,3.575,2.525
pro,48,1M,10,0,6.589285714285714,5.559523809523809,1.0297619047619047
pro,49,500K,10,0,6.25,6.5,-0.25
pro,50,100K,10,0,5.333333333333333,6.666666666666667,-1.3333333333333333
pro,51,1M,10,0,5.485714285714286,4.321428571428571,1.1642857142857144
pro,52,500K,10,0,4.0,4.2,-0.2
pro,53,500K,10,0,5.5055555555555555,5.566666666666666,-0.061111111111111116
pro,54,1M,10,0,6.620833333333334,4.5375,2.0833333333333335
pro,55,100K,10,0,7.058333333333334,5.65,1.4083333333333334
pro,56,100K,10,0,5.366666666666666,7.05,-1.6833333333333333
pro,57,500K,10,0,4.566666666666666,3.95,0.6166666666666667
pro,58,500K,10,0,3.2181818181818183,1.1363636363636362,2.081818181818182
pro,59,500K,10,0,5.166666666666667,6.891666666666667,-1.725
uob,0,1M,10,0,3.0,4.5,-1.5
uob,1,1M,10,0,6.8,4.7,2.1
uob,2,100K,10,0,6.2,6.1,0.1
uob,3,500K,10,0,5.333333333333333,2.8333333333333335,2.5
uob,4,500K,10,0,7.0,5.0,2.0
uob,5,100K,10,0,7.0,7.25,-0.25
uob,6,500K,10,0,4.125,4.0,0.125
uob,7,100K,10,0,6.533333333333333,6.675,-0.14166666666666672
uob,8,1M,9,1,4.361111111111111,4.0,0.3611111111111111
uob,9,100K,10,0,7.75,6.714285714285714,1.0357142857142856
uob,10,100K,10,0,3.5,3.875,-0.375
uob,11,500K,10,0,7.6875,5.8125,1.875
uob,12,1M,10,0,5.767857142857143,5.732142857142857,0.0357142857142857
uob,13,500K,10,0,5.75,4.0,1.75
uob,14,500K,10,0,7.0,4.5,2.5
uob,15,1M,10,0,7.416666666666667,4.541666666666667,2.875
uob,16,1M,9,1,3.25,5.6,-2.35
uob,17,100K,10,0,5.25,6.25,-1.0
uob,18,100K,10,0,8.0,5.2,2.8
uob,19,500K,10,0,6.0,5.0,1.0
uob,20,500K,9,1,6.0,5.0,1.0
uob,21,1M,10,0,4.5,4.083333333333333,0.4166666666666666
uob,22,500K,10,0,7.25,6.2,1.05
uob,23,1M,10,0,7.6,4.225,3.375
uob,24,100K,10,0,4.583333333333333,5.958333333333333,-1.375
uob,25,1M,10,0,3.75,4.0,-0.25
uob,26,500K,10,0,5.0,5.0,0.0
uob,27,500K,10,0,4.25,3.0,1.25
uob,28,500K,10,0,7.0,6.8,0.19999999999999996
uob,29,1M,10,0,5.45,5.1,0.35
uob,30,100K,10,0,6.041666666666667,5.791666666666667,0.25
uob,31,500K,10,0,7.875,6.0625,1.8125
uob,32,1M,10,0,3.716666666666667,5.266666666666667,-1.55
uob,33,500K,10,0,4.25,3.9166666666666665,0.33333333333333337
uob,34,1M,10,0,5.764285714285714,5.164285714285715,0.6
uob,35,500K,10,0,4.85,4.366666666666666,0.48333333333333334
uob,36,500K,10,0,4.922727272727273,3.55,1.3727272727272728
uob,37,500K,10,0,5.25,6.0,-0.75
uob,38,500K,10,0,6.35,7.266666666666667,-0.9166666666666666
uob,39,1M,10,0,7.164285714285715,6.3428571428571425,0.8214285714285714
uob,40,1M,9,1,3.6,3.0,0.6
uob,41,100K,10,0,7.05,7.55,-0.5
uob,42,100K,10,0,6.425,6.825,-0.39999999999999997
uob,43,1M,10,0,4.15,3.65,0.5
uob,44,100K,10,0,4.4,4.0,0.4
uob,45,100K,10,0,4.0,2.0,2.0
uob,46,100K,10,0,3.7,3.55,0.15000000000000002
uob,47,1M,10,0,3.878787878787879,4.515151515151515,-0.6363636363636364
uob,48,100K,9,1,6.25,6.0,0.25
uob,49,100K,10,0,7.483333333333333,5.425,2.0583333333333336
uob,50,100K,10,0,6.883333333333333,4.883333333333333,2.0
uob,51,100K,10,0,6.75,5.383333333333334,1.3666666666666667
uob,52,1M,10,0,5.666666666666667,5.666666666666667,0.0
uob,53,1M,10,0,5.458333333333333,4.458333333333333,1.0
uob,54,1M,8,2,5.0,6.5,-1.5
uob,55,100K,10,0,6.283333333333333,4.95,1.3333333333333335
uob,56,1M,10,0,7.0,4.75,2.25
uob,57,500K,9,1,5.25,5.583333333333333,-0.33333333333333326
uob,58,500K,9,1,4.75,4.0,0.75
uob,59,100K,10,0,7.125,4.375,2.75
rednote,0,1M,9,1,4.061111111111111,4.35,-0.28888888888888886
rednote,1,1M,10,0,5.6,5.8,-0.20000000000000007
rednote,2,100K,10,0,5.116666666666667,4.916666666666667,0.20000000000000007
rednote,3,500K,10,0,5.236111111111111,3.125,2.111111111111111
rednote,4,100K,10,0,5.75,3.75,2.0
rednote,5,100K,10,0,4.4,3.275,1.125
rednote,6,500K,10,0,5.7,4.3,1.4
rednote,7,100K,10,0,3.5833333333333335,6.25,-2.6666666666666665
rednote,8,100K,10,0,5.75,3.625,2.125
rednote,9,100K,10,0,6.583333333333333,5.458333333333333,1.125
rednote,10,1M,10,0,2.1666666666666665,4.666666666666667,-2.5
rednote,11,500K,9,1,7.0,6.0,1.0
rednote,12,500K,10,0,5.1,3.0,2.1
rednote,13,100K,10,0,6.0,4.5,1.5
rednote,14,1M,9,1,2.75,6.35,-3.6
rednote,15,1M,10,0,5.3,4.9,0.4
rednote,16,100K,10,0,7.0,5.0,2.0
rednote,17,500K,10,0,3.75,3.75,0.0
rednote,18,1M,10,0,6.2,5.0,1.2
rednote,19,500K,10,0,4.55,5.65,-1.1
rednote,20,500K,9,1,6.25,4.0,2.25
rednote,21,100K,10,0,5.75,5.925,-0.17499999999999996
rednote,22,500K,10,0,3.9166666666666665,3.3333333333333335,0.5833333333333333
rednote,23,1M,10,0,3.25,4.0,-0.75
rednote,24,500K,10,0,6.458333333333333,4.833333333333333,1.625
rednote,25,100K,10,0,6.283333333333333,6.6,-0.31666666666666665
rednote,26,500K,10,0,5.75,5.25,0.5
rednote,27,1M,10,0,6.017857142857143,5.910714285714286,0.10714285714285715
rednote,28,500K,10,0,4.733333333333333,2.3333333333333335,2.4
rednote,29,1M,10,0,3.0055555555555555,2.311111111111111,0.6944444444444444
rednote,30,1M,10,0,6.5,3.625,2.875
rednote,31,100K,10,0,7.25,5.25,2.0
rednote,32,100K,10,0,5.9,3.9166666666666665,1.9833333333333334
rednote,33,1M,10,0,5.678571428571429,4.192857142857143,1.4857142857142858
rednote,34,1M,10,0,3.0454545454545454,3.2954545454545454,-0.25
rednote,35,1M,10,0,5.121428571428571,4.521428571428571,0.6
rednote,36,100K,10,0,5.8,4.5,1.3
rednote,37,1M,10,0,6.148809523809524,4.023809523809524,2.125
rednote,38,100K,10,0,5.192857142857143,3.75,1.4428571428571428
rednote,39,1M,10,0,4.291666666666667,4.166666666666667,0.1250000000000001
rednote,40,500K,10,0,4.25,6.25,-2.0
rednote,41,1M,10,0,3.9166666666666665,4.416666666666667,-0.5
rednote,42,1M,10,0,2.6166666666666667,2.2,0.41666666666666663
rednote,43,500K,10,0,5.5,2.25,3.25
rednote,44,500K,10,0,4.0,4.0,0.0
rednote,45,1M,10,0,5.0625,4.5,0.5625
rednote,46,100K,10,0,5.333333333333333,4.458333333333333,0.875
rednote,47,1M,10,0,5.9226190476190474,4.934523809523809,0.9880952380952381
rednote,48,500K,9,1,4.666666666666667,5.416666666666667,-0.75
rednote,49,100K,10,0,4.05,2.25,1.8
rednote,50,100K,10,0,6.05,5.45,0.6000000000000001
rednote,51,500K,10,0,5.25,6.2,-0.95
rednote,52,500K,10,0,3.9166666666666665,4.75,-0.8333333333333334
rednote,53,500K,10,0,2.540909090909091,2.440909090909091,0.1
rednote,54,500K,10,0,5.0476190476190474,5.714285714285714,-0.6666666666666666
rednote,55,100K,10,0,6.65,6.175,0.47500000000000003
rednote,56,1M,10,0,4.325,4.625,-0.3
rednote,57,100K,10,0,5.35,6.072222222222222,-0.7222222222222222
rednote,58,500K,9,1,6.0,5.0,1.0
rednote,59,100K,10,0,4.05,5.05,-1.0
flash,0,1M,10,0,5.416666666666667,5.059523809523809,0.35714285714285715
flash,1,100K,10,0,3.178571428571429,5.142857142857143,-1.9642857142857144
flash,2,1M,9,1,2.8541666666666665,5.25,-2.3958333333333335
flash,3,1M,10,0,3.6666666666666665,4.375,-0.7083333333333333
flash,4,100K,10,0,3.9,3.0,0.9
flash,5,1M,10,0,3.5,4.0,-0.5
flash,6,1M,9,1,3.441666666666667,5.725,-2.283333333333333
flash,7,100K,10,0,4.916666666666667,5.416666666666667,-0.5
flash,8,100K,10,0,6.0,5.5,0.5
flash,9,500K,10,0,1.5,3.25,-1.75
flash,10,100K,10,0,5.25,4.85,0.4
flash,11,500K,10,0,5.0,5.3,-0.30000000000000004
flash,12,1M,10,0,3.225,3.25,-0.025000000000000022
flash,13,500K,10,0,2.4166666666666665,2.4166666666666665,0.0
flash,14,500K,10,0,6.4375,4.5125,1.925
flash,15,100K,10,0,4.460714285714285,4.45,0.010714285714285676
flash,16,100K,10,0,5.15,6.05,-0.8999999999999999
flash,17,100K,10,0,6.166666666666667,3.75,2.4166666666666665
flash,18,500K,10,0,5.273809523809524,5.119047619047619,0.1547619047619047
flash,19,1M,10,0,4.869047619047619,3.5357142857142856,1.3333333333333333
flash,20,500K,9,1,6.0,4.0,2.0
flash,21,1M,10,0,6.466666666666667,3.5625,2.904166666666667
flash,22,500K,9,1,5.0,6.0,-1.0
flash,23,1M,10,0,6.125,5.375,0.75
flash,24,500K,10,0,7.0,5.0,2.0
flash,25,100K,10,0,1.75,1.375,0.375
flash,26,1M,10,0,4.5,5.089285714285714,-0.5892857142857143
flash,27,500K,10,0,5.041666666666667,5.583333333333333,-0.5416666666666666
flash,28,100K,10,0,4.375,4.875,-0.5
flash,29,100K,10,0,5.25,5.458333333333333,-0.20833333333333331
flash,30,500K,10,0,3.375,2.3333333333333335,1.0416666666666667
flash,31,100K,10,0,5.166666666666667,5.0,0.16666666666666663
flash,32,500K,10,0,4.233333333333333,4.35,-0.11666666666666659
flash,33,100K,10,0,5.5,6.425,-0.925
flash,34,500K,10,0,7.125,6.375,0.75
flash,35,500K,10,0,6.25,5.25,1.0
flash,36,500K,10,0,5.0,4.625,0.375
flash,37,1M,10,0,4.916666666666667,4.25,0.6666666666666666
flash,38,100K,10,0,4.625,4.125,0.5
flash,39,1M,9,1,4.25,4.95,-0.7
flash,40,1M,10,0,2.5,4.341666666666667,-1.8416666666666666
flash,41,500K,10,0,5.125,3.375,1.75
flash,42,1M,10,0,4.283333333333333,2.8583333333333334,1.425
flash,43,500K,10,0,4.0,6.0,-2.0
flash,44,500K,10,0,3.6666666666666665,4.166666666666667,-0.5
flash,45,1M,10,0,4.8,3.4,1.4
flash,46,1M,10,0,5.9,5.2,0.7
flash,47,100K,10,0,7.563888888888889,5.461111111111111,2.102777777777778
flash,48,500K,10,0,7.458333333333333,4.958333333333333,2.5
flash,49,100K,10,0,4.825,4.6,0.22499999999999998
flash,50,100K,10,0,4.0,4.666666666666667,-0.6666666666666666
flash,51,1M,10,0,3.4375,4.8125,-1.375
flash,52,100K,10,0,5.25,5.566666666666666,-0.31666666666666665
flash,53,100K,10,0,7.1,6.8,0.29999999999999993
flash,54,1M,10,0,4.055555555555555,5.25,-1.1944444444444444
flash,55,1M,10,0,5.7,3.814285714285714,1.8857142857142857
flash,56,500K,10,0,5.0,3.0,2.0
flash,57,100K,10,0,5.833333333333333,6.916666666666667,-1.0833333333333333
flash,58,1M,10,0,6.2023809523809526,5.535714285714286,0.6666666666666666
flash,59,500K,10,0,5.733333333333333,5.433333333333334,0.30000000000000004
